Date/Time,Environment:Site Outdoor Air Drybulb Temperature [C](TimeStep),Environment:Site Direct Solar Radiation Rate per Area [W/m2](TimeStep),LIVING_UNIT1:Space People Occupant Count [](TimeStep),LIVING_UNIT1:Zone Air System Sensible Heating Rate [W](TimeStep),LIVING_UNIT1:Zone Air System Sensible Cooling Rate [W](TimeStep),LIVING_UNIT1:Zone Air Temperature [C](TimeStep),ATTIC_UNIT1:Zone Air System Sensible Heating Rate [W](TimeStep),ATTIC_UNIT1:Zone Air System Sensible Cooling Rate [W](TimeStep),ATTIC_UNIT1:Zone Air Temperature [C](TimeStep),CRAWLSPACE_UNIT1:Zone Air System Sensible Heating Rate [W](TimeStep),CRAWLSPACE_UNIT1:Zone Air System Sensible Cooling Rate [W](TimeStep),CRAWLSPACE_UNIT1:Zone Air Temperature [C](TimeStep) 
 12/21  00:15:00,-17.9,0.0,3.0,870.7051276593603,0.0,-6.428411616425896e-17,0.0,0.0,-22.042140398629765,0.0,0.0,13.714088101087729 
 12/21  00:30:00,-17.9,0.0,3.0,0.0,0.0,-0.5152971254506862,0.0,0.0,-22.041899432348785,0.0,0.0,13.714250260572097 
 12/21  00:45:00,-17.9,0.0,3.0,0.0,0.0,-1.0874056138535941,0.0,0.0,-22.041538056100016,0.0,0.0,13.714437226329807 
 12/21  01:00:00,-17.9,0.0,3.0,0.0,0.0,-1.3115476433161586,0.0,0.0,-22.04132445622956,0.0,0.0,13.714443185075304 
 12/21  01:15:00,-17.9,0.0,3.0,0.0,0.0,-1.4434074813505628,0.0,0.0,-22.04117038288247,0.0,0.0,13.714339321055908 
 12/21  01:30:00,-17.9,0.0,3.0,0.0,0.0,-1.5825492161329535,0.0,0.0,-22.04107639139809,0.0,0.0,13.714111709576551 
 12/21  01:45:00,-17.9,0.0,3.0,0.0,0.0,-1.7291769223168898,0.0,0.0,-22.04106815551356,0.0,0.0,13.713728036508705 
 12/21  02:00:00,-17.9,0.0,3.0,0.0,0.0,-1.8669918527917735,0.0,0.0,-22.041160409059984,0.0,0.0,13.713150221327068 
 12/21  02:15:00,-17.9,0.0,3.0,0.0,0.0,-1.9930171450965322,0.0,0.0,-22.041372215640664,0.0,0.0,13.712340540093935 
 12/21  02:30:00,-17.9,0.0,3.0,0.0,0.0,-2.1109410323237805,0.0,0.0,-22.04172851049984,0.0,0.0,13.71126730938764 
 12/21  02:45:00,-17.9,0.0,3.0,0.0,0.0,-2.2242586482602054,0.0,0.0,-22.04225404156192,0.0,0.0,13.709908224661374 
 12/21  03:00:00,-17.9,0.0,3.0,0.0,0.0,-2.3343531678645526,0.0,0.0,-22.04296954232777,0.0,0.0,13.708250562538975 
 12/21  03:15:00,-17.9,0.0,3.0,0.0,0.0,-2.4424722322231602,0.0,0.0,-22.04389081693685,0.0,0.0,13.706290076773081 
 12/21  03:30:00,-17.9,0.0,3.0,0.0,0.0,-2.547996808880348,0.0,0.0,-22.04502868283485,0.0,0.0,13.704029778777644 
 12/21  03:45:00,-17.9,0.0,3.0,0.0,0.0,-2.6503950730609622,0.0,0.0,-22.046389056709454,0.0,0.0,13.70147863688878 
 12/21  04:00:00,-17.9,0.0,3.0,0.0,0.0,-2.7497984779722575,0.0,0.0,-22.04797329192783,0.0,0.0,13.698650136832585 
 12/21  04:15:00,-17.9,0.0,3.0,0.0,0.0,-2.839567416061737,0.0,0.0,-22.049778771146034,0.0,0.0,13.695560956292631 
 12/21  04:30:00,-17.9,0.0,3.0,0.0,0.0,-2.925017139970411,0.0,0.0,-22.0517995976632,0.0,0.0,13.69222993625811 
 12/21  04:45:00,-17.9,0.0,3.0,0.0,0.0,-3.0103074290109326,0.0,0.0,-22.054027240327436,0.0,0.0,13.688677490983045 
 12/21  05:00:00,-17.9,0.0,3.0,0.0,0.0,-3.095680719442317,0.0,0.0,-22.056451057113172,0.0,0.0,13.684925347576181 
 12/21  05:15:00,-17.9,0.0,3.0,0.0,0.0,-3.15851546782872,0.0,0.0,-22.059036864128597,0.0,0.0,13.681096579193207 
 12/21  05:30:00,-17.9,0.0,3.0,0.0,0.0,-3.212699700121054,0.0,0.0,-22.061788447944913,0.0,0.0,13.677119326729413 
 12/21  05:45:00,-17.9,0.0,3.0,0.0,0.0,-3.270662114613909,0.0,0.0,-22.064704575020123,0.0,0.0,13.672959761827753 
 12/21  06:00:00,-17.9,0.0,3.0,0.0,0.0,-3.3334382420069635,0.0,0.0,-22.067766743390877,0.0,0.0,13.66866651356699 
 12/21  06:15:00,-17.9,0.0,3.0,0.0,0.0,-3.382464679950809,0.0,0.0,-22.070954934457866,0.0,0.0,13.664284907747783 
 12/21  06:30:00,-17.9,0.0,3.0,0.0,0.0,-3.4249114779895806,0.0,0.0,-22.074252111390607,0.0,0.0,13.659841687579819 
 12/21  06:45:00,-17.9,0.0,3.0,0.0,0.0,-3.469539056024397,0.0,0.0,-22.07764197182853,0.0,0.0,13.655358925134212 
 12/21  07:00:00,-17.9,0.0,3.0,0.0,0.0,-3.5175522226766227,0.0,0.0,-22.081107768544992,0.0,0.0,13.650859403652019 
 12/21  07:15:00,-17.9,0.0,2.6493,0.0,0.0,-3.587004015124625,0.0,0.0,-22.08463270228095,0.0,0.0,13.646365145373203 
 12/21  07:30:00,-17.9,0.0,2.6493,0.0,0.0,-3.653763342652689,0.0,0.0,-22.088200495671973,0.0,0.0,13.641895683301343 
 12/21  07:45:00,-17.9,0.0,2.6493,0.0,0.0,-3.7086171488875785,0.0,0.0,-22.091795739392445,0.0,0.0,13.637467661050415 
 12/21  08:00:00,-17.9,0.0,2.6493,0.0,0.0,-3.756125242682682,0.0,0.0,-22.095404109448566,0.0,0.0,13.633095059581818 
 12/21  08:15:00,-17.9,0.0,1.22583,0.0,0.0,-3.9260540974944087,0.0,0.0,-22.099012590758168,0.0,0.0,13.628788996044404 
 12/21  08:30:00,-17.9,0.0,1.22583,0.0,0.0,-4.10603795318065,0.0,0.0,-22.102639918786938,0.0,0.0,13.624448702158478 
 12/21  08:45:00,-17.9,0.0,1.22583,0.0,0.0,-4.235495244777335,0.0,0.0,-22.106250500048485,0.0,0.0,13.6201864788487 
 12/21  09:00:00,-17.9,0.0,1.22583,0.0,0.0,-4.324632758673711,0.0,0.0,-22.109818938427107,0.0,0.0,13.616060544905402 
 12/21  09:15:00,-17.9,0.0,0.72567,0.0,0.0,-4.448045358437494,0.0,0.0,-22.113346833577637,0.0,0.0,13.61203163675291 
 12/21  09:30:00,-17.9,0.0,0.72567,0.0,0.0,-4.577691828095318,0.0,0.0,-22.11683982136115,0.0,0.0,13.60806095084543 
 12/21  09:45:00,-17.9,0.0,0.72567,0.0,0.0,-4.690508245112548,0.0,0.0,-22.120301548765514,0.0,0.0,13.604127537036456 
 12/21  10:00:00,-17.9,0.0,0.72567,0.0,0.0,-4.78646696079034,0.0,0.0,-22.12373706642379,0.0,0.0,13.60021412622911 
 12/21  10:15:00,-17.9,0.0,0.72567,0.0,0.0,-4.873134827552774,0.0,0.0,-22.127154123271946,0.0,0.0,13.596303218907586 
 12/21  10:30:00,-17.9,0.0,0.72567,0.0,0.0,-4.957030500091132,0.0,0.0,-22.130561953840434,0.0,0.0,13.592380074569425 
 12/21  10:45:00,-17.9,0.0,0.72567,0.0,0.0,-5.040174385056657,0.0,0.0,-22.133969983500656,0.0,0.0,13.58843513543681 
 12/21  11:00:00,-17.9,0.0,0.72567,0.0,0.0,-5.122171974189777,0.0,0.0,-22.13738708274106,0.0,0.0,13.584466069113004 
 12/21  11:15:00,-17.9,0.0,0.72567,0.0,0.0,-5.202306213504598,0.0,0.0,-22.140821063245884,0.0,0.0,13.580482398576649 
 12/21  11:30:00,-17.9,0.0,0.72567,0.0,0.0,-5.280469252855291,0.0,0.0,-22.14427828192025,0.0,0.0,13.576402663380762 
 12/21  11:45:00,-17.9,0.0,0.72567,0.0,0.0,-5.356903387118718,0.0,0.0,-22.14776341319436,0.0,0.0,13.572171900738157 
 12/21  12:00:00,-17.9,0.0,0.72567,0.0,0.0,-5.431838217104505,0.0,0.0,-22.151279414346753,0.0,0.0,13.567832636486488 
 12/21  12:15:00,-17.9,0.0,0.72567,0.0,0.0,-5.506197739220965,0.0,0.0,-22.15482763744474,0.0,0.0,13.563412936565673 
 12/21  12:30:00,-17.9,0.0,0.72567,0.0,0.0,-5.579485964089032,0.0,0.0,-22.158408026188408,0.0,0.0,13.558923525460553 
 12/21  12:45:00,-17.9,0.0,0.72567,0.0,0.0,-5.651144865416699,0.0,0.0,-22.161989272197136,0.0,0.0,13.554483551982678 
 12/21  13:00:00,-17.9,0.0,0.72567,0.0,0.0,-5.721188219332646,0.0,0.0,-22.165594373525554,0.0,0.0,13.549996824629272 
 12/21  13:15:00,-17.9,0.0,0.72567,0.0,0.0,-5.788835688382493,0.0,0.0,-22.16923907781774,0.0,0.0,13.545412811085649 
 12/21  13:30:00,-17.9,0.0,0.72567,0.0,0.0,-5.855281534368076,0.0,0.0,-22.17291480674987,0.0,0.0,13.54077129989511 
 12/21  13:45:00,-17.9,0.0,0.72567,0.0,0.0,-5.921126777399272,0.0,0.0,-22.1766116084526,0.0,0.0,13.536103299161471 
 12/21  14:00:00,-17.9,0.0,0.72567,0.0,0.0,-5.986289913454179,0.0,0.0,-22.180324648659536,0.0,0.0,13.531418773525559 
 12/21  14:15:00,-17.9,0.0,0.72567,0.0,0.0,-6.048176965285618,0.0,0.0,-22.184050545034964,0.0,0.0,13.52672399591837 
 12/21  14:30:00,-17.9,0.0,0.72567,0.0,0.0,-6.108476108961182,0.0,0.0,-22.187785285006257,0.0,0.0,13.522026458012858 
 12/21  14:45:00,-17.9,0.0,0.72567,0.0,0.0,-6.168509575664936,0.0,0.0,-22.191524577397136,0.0,0.0,13.517333271791435 
 12/21  15:00:00,-17.9,0.0,0.72567,0.0,0.0,-6.22835350590946,0.0,0.0,-22.19526434731898,0.0,0.0,13.512650623967742 
 12/21  15:15:00,-17.9,0.0,0.72567,0.0,0.0,-6.277574689245001,0.0,0.0,-22.19900076072796,0.0,0.0,13.50798413598889 
 12/21  15:30:00,-17.9,0.0,0.72567,0.0,0.0,-6.322254894153737,0.0,0.0,-22.202730134658264,0.0,0.0,13.503339050124149 
 12/21  15:45:00,-17.9,0.0,0.72567,0.0,0.0,-6.368293431250383,0.0,0.0,-22.20644888182644,0.0,0.0,13.498720569080376 
 12/21  16:00:00,-17.9,0.0,0.72567,0.0,0.0,-6.416561122771859,0.0,0.0,-22.210153392838045,0.0,0.0,13.494134506500197 
 12/21  16:15:00,-17.9,0.0,0.8849400000000001,0.0,0.0,-6.423772722033962,0.0,0.0,-22.21364303928565,0.0,0.0,13.490055453269129 
 12/21  16:30:00,-17.9,0.0,0.8849400000000001,0.0,0.0,-6.41841821259069,0.0,0.0,-22.217208182012463,0.0,0.0,13.48573080462799 
 12/21  16:45:00,-17.9,0.0,0.8849400000000001,0.0,0.0,-6.424098529175056,0.0,0.0,-22.220861923907783,0.0,0.0,13.481207347432669 
 12/21  17:00:00,-17.9,0.0,0.8849400000000001,0.0,0.0,-6.442368660155714,0.0,0.0,-22.224481688856855,0.0,0.0,13.476788375090958 
 12/21  17:15:00,-17.9,0.0,1.6593,0.0,0.0,-6.38148844765123,0.0,0.0,-22.228040580460146,0.0,0.0,13.472496244988 
 12/21  17:30:00,-17.9,0.0,1.6593,0.0,0.0,-6.306782827272095,0.0,0.0,-22.23142304260281,0.0,0.0,13.468588772969092 
 12/21  17:45:00,-17.9,0.0,1.6593,0.0,0.0,-6.262818076509038,0.0,0.0,-22.234865990160632,0.0,0.0,13.464493257270512 
 12/21  18:00:00,-17.9,0.0,1.6593,0.0,0.0,-6.2459959088527395,0.0,0.0,-22.238334682344778,0.0,0.0,13.460363252291957 
 12/21  18:15:00,-17.9,0.0,2.69079,0.0,0.0,-6.1478097141584485,0.0,0.0,-22.241771594266837,0.0,0.0,13.456312334314935 
 12/21  18:30:00,-17.9,0.0,2.69079,0.0,0.0,-6.042097723685406,0.0,0.0,-22.2451067112975,0.0,0.0,13.452491623608074 
 12/21  18:45:00,-17.9,0.0,2.69079,0.0,0.0,-5.973855274513782,0.0,0.0,-22.248313746196043,0.0,0.0,13.448944825750916 
 12/21  19:00:00,-17.9,0.0,2.69079,0.0,0.0,-5.935293971607013,0.0,0.0,-22.25139881806679,0.0,0.0,13.445639914410908 
 12/21  19:15:00,-17.9,0.0,2.69079,0.0,0.0,-5.899970485568691,0.0,0.0,-22.254360244712874,0.0,0.0,13.442570021397234 
 12/21  19:30:00,-17.9,0.0,2.69079,0.0,0.0,-5.863428571585364,0.0,0.0,-22.25718663238863,0.0,0.0,13.439747864732349 
 12/21  19:45:00,-17.9,0.0,2.69079,0.0,0.0,-5.828404588238065,0.0,0.0,-22.259866021135917,0.0,0.0,13.437184848193018 
 12/21  20:00:00,-17.9,0.0,2.69079,0.0,0.0,-5.796621982948584,0.0,0.0,-22.262345648657494,0.0,0.0,13.43496590091366 
 12/21  20:15:00,-17.9,0.0,2.69079,0.0,0.0,-5.766343414018766,0.0,0.0,-22.26465611540984,0.0,0.0,13.433005067440392 
 12/21  20:30:00,-17.9,0.0,2.69079,0.0,0.0,-5.738285583536442,0.0,0.0,-22.266820223541313,0.0,0.0,13.431256223327557 
 12/21  20:45:00,-17.9,0.0,2.69079,0.0,0.0,-5.712311143556233,0.0,0.0,-22.268826051732614,0.0,0.0,13.429737661221987 
 12/21  21:00:00,-17.9,0.0,2.69079,0.0,0.0,-5.687804815027586,0.0,0.0,-22.270661969613897,0.0,0.0,13.428455309439004 
 12/21  21:15:00,-17.9,0.0,3.0,0.0,0.0,-5.6627177236787345,0.0,0.0,-22.272267066209807,0.0,0.0,13.427460662962654 
 12/21  21:30:00,-17.9,0.0,3.0,0.0,0.0,-5.644972043253602,0.0,0.0,-22.273697796002498,0.0,0.0,13.426666058862294 
 12/21  21:45:00,-17.9,0.0,3.0,0.0,0.0,-5.633232686741107,0.0,0.0,-22.27500058348094,0.0,0.0,13.42601963780897 
 12/21  22:00:00,-17.9,0.0,3.0,0.0,0.0,-5.6233051031374535,0.0,0.0,-22.27616972870659,0.0,0.0,13.425527543664334 
 12/21  22:15:00,-17.9,0.0,3.0,0.0,0.0,-5.649548940048045,0.0,0.0,-22.277255291286913,0.0,0.0,13.425158507650382 
 12/21  22:30:00,-17.9,0.0,3.0,0.0,0.0,-5.6876302922834965,0.0,0.0,-22.278191977934615,0.0,0.0,13.424942717763107 
 12/21  22:45:00,-17.9,0.0,3.0,0.0,0.0,-5.716990320895798,0.0,0.0,-22.278968230456726,0.0,0.0,13.424862991672786 
 12/21  23:00:00,-17.9,0.0,3.0,0.0,0.0,-5.736123093620094,0.0,0.0,-22.27961963704148,0.0,0.0,13.42487833372734 
 12/21  23:15:00,-17.9,0.0,3.0,0.0,0.0,-5.780760454827248,0.0,0.0,-22.280178951504727,0.0,0.0,13.42496411300447 
 12/21  23:30:00,-17.9,0.0,3.0,0.0,0.0,-5.835373228120073,0.0,0.0,-22.280648873862923,0.0,0.0,13.425092062267057 
 12/21  23:45:00,-17.9,0.0,3.0,0.0,0.0,-5.882739810039118,0.0,0.0,-22.281036634461177,0.0,0.0,13.425233675168386 
 12/21  24:00:00,-17.9,0.0,3.0,0.0,0.0,-5.921400670267023,0.0,0.0,-22.28136122196437,0.0,0.0,13.425363210279272 
 07/21  00:15:00,21.541999999999998,0.0,3.0,0.0,0.0,42.610599916266146,0.0,0.0,19.72905978390807,0.0,0.0,20.337640204400792 
 07/21  00:30:00,21.32,0.0,3.0,0.0,5551.442940602707,37.99009156254051,0.0,0.0,19.454016491082708,0.0,0.0,20.301551283213946 
 07/21  00:45:00,21.098,0.0,3.0,0.0,5257.763595374526,36.87512588740514,0.0,0.0,19.176310118305196,0.0,0.0,20.263255490572202 
 07/21  01:00:00,20.875999999999998,0.0,3.0,0.0,4997.999716473275,35.79837614407906,0.0,0.0,18.90673815507843,0.0,0.0,20.225664035089924 
 07/21  01:15:00,20.727999999999998,0.0,3.0,0.0,4748.2408003790115,34.79934369310513,0.0,0.0,18.61368316568526,0.0,0.0,20.177256830830217 
 07/21  01:30:00,20.58,0.0,3.0,0.0,4624.482218876996,34.261954404242815,0.0,0.0,18.396645326446905,0.0,0.0,20.14889145214825 
 07/21  01:45:00,20.431999999999995,0.0,3.0,0.0,4439.630929510209,33.49812503282115,0.0,0.0,18.135895083404655,0.0,0.0,20.103532418023335 
 07/21  02:00:00,20.284,0.0,3.0,0.0,4299.220560615095,32.904356406601,0.0,0.0,17.919150151660414,0.0,0.0,20.066947012914113 
 07/21  02:15:00,20.173,0.0,3.0,0.0,4206.281105054972,32.48577871108546,0.0,0.0,17.751652856568626,0.0,0.0,20.04198827657424 
 07/21  02:30:00,20.061999999999998,0.0,3.0,0.0,4042.8235608141586,31.79602220919208,0.0,0.0,17.517324922694115,0.0,0.0,19.994666836329156 
 07/21  02:45:00,19.951,0.0,3.0,0.0,3927.9406938039238,31.303172607597176,0.0,0.0,17.34517706078876,0.0,0.0,19.956680713589652 
 07/21  03:00:00,19.839999999999996,0.0,3.0,0.0,3818.3668894984194,30.822557001970345,0.0,0.0,17.1735253548894,0.0,0.0,19.917676155464477 
 07/21  03:15:00,19.729,0.0,3.0,0.0,3711.7392294532165,30.355269797793994,0.0,0.0,17.009841608745404,0.0,0.0,19.876520735314564 
 07/21  03:30:00,19.618,0.0,3.0,0.0,3611.0033884841223,29.91148147788675,0.0,0.0,16.852420410855245,0.0,0.0,19.83429056656731 
 07/21  03:45:00,19.506999999999998,0.0,3.0,0.0,3514.6833775963064,29.485147187272887,0.0,0.0,16.699077741391495,0.0,0.0,19.79104560922913 
 07/21  04:00:00,19.396,0.0,3.0,0.0,3422.4298013782427,29.07521494727603,0.0,0.0,16.549472390900377,0.0,0.0,19.746910664023304 
 07/21  04:15:00,19.321999999999996,0.0,3.0,0.0,3335.56304793701,28.687821478736225,0.0,0.0,16.404640227283224,0.0,0.0,19.702095009457707 
 07/21  04:30:00,19.247999999999998,0.0,3.0,0.0,3252.2988312702464,28.31509568818643,0.0,0.0,16.26703115384275,0.0,0.0,19.656804937894155 
 07/21  04:45:00,19.174,0.0,3.0,0.0,3171.6679546465407,27.95297557366495,0.0,0.0,16.136773847847852,0.0,0.0,19.611259235345727 
 07/21  05:00:00,19.099999999999998,20.580883776576158,3.0,0.0,3101.2272585832898,27.635984639610577,0.0,0.0,16.0622918793413,0.0,0.0,19.566054624471924 
 07/21  05:15:00,19.174,97.02856558027213,3.0,0.0,3055.2941058499346,27.42340129448117,0.0,0.0,16.134331551996894,0.0,0.0,19.52404329252407 
 07/21  05:30:00,19.247999999999998,193.69731839013423,3.0,0.0,3029.3893662280166,27.30781211527743,0.0,0.0,16.416928190069655,0.0,0.0,19.490646377582646 
 07/21  05:45:00,19.321999999999996,284.7407995809689,3.0,0.0,3020.548702062415,27.271411174860596,0.0,0.0,16.83819013035515,0.0,0.0,19.48180396863481 
 07/21  06:00:00,19.396,364.0007327280167,3.0,0.0,3007.9144632229863,27.214345799493966,0.0,0.0,17.567074968224354,0.0,0.0,19.47552499841446 
 07/21  06:15:00,19.654999999999998,431.64761188735173,3.0,0.0,3002.867949223952,27.192313305818388,0.0,0.0,18.57601981305924,0.0,0.0,19.486610550919075 
 07/21  06:30:00,19.913999999999994,489.2947140885793,3.0,0.0,2999.3472013914625,27.176535306107297,0.0,0.0,19.852304938764334,0.0,0.0,19.515714811293115 
 07/21  06:45:00,20.173,538.6372176020046,3.0,0.0,3000.24767783633,27.180852928044462,0.0,0.0,21.349188123930126,0.0,0.0,19.560177237404627 
 07/21  07:00:00,20.431999999999995,581.1279420356631,3.0,0.0,3001.6285123392436,27.1871219600582,0.0,0.0,22.992786345827824,0.0,0.0,19.617179909116654 
 07/21  07:15:00,21.061,617.9419585778161,2.6493,0.0,3003.447548752689,27.195320852707187,0.0,0.0,25.158561523002792,0.0,0.0,19.698521728269732 
 07/21  07:30:00,21.689999999999998,650.0139261609293,2.6493,0.0,3006.683083710733,27.210069537705404,0.0,0.0,26.800267721777082,0.0,0.0,19.75950881560461 
 07/21  07:45:00,22.319,678.0861194854122,2.6493,0.0,3011.2643860621415,27.23073518462584,0.0,0.0,29.48234572976829,0.0,0.0,19.845960935574784 
 07/21  08:00:00,22.948,702.750705709785,2.6493,0.0,3015.617146744516,27.2505403058647,0.0,0.0,31.37200180125484,0.0,0.0,19.908952821455422 
 07/21  08:15:00,23.651,724.4833574474131,1.22583,0.0,3007.7838222195032,27.21466977446402,0.0,0.0,33.517172122208386,0.0,0.0,19.980321530985062 
 07/21  08:30:00,24.354,743.6690422847075,1.22583,0.0,3008.3415362892238,27.2174808260635,0.0,0.0,35.77140742167119,0.0,0.0,20.055362381335623 
 07/21  08:45:00,25.056999999999995,760.6215861842238,1.22583,0.0,3010.642412031279,27.227947294204526,0.0,0.0,38.13694055381418,0.0,0.0,20.13391685679033 
 07/21  09:00:00,25.759999999999998,775.5985010883826,1.22583,0.0,3015.762600050619,27.2511008030328,0.0,0.0,41.13369480126689,0.0,0.0,20.237743112420244 
 07/21  09:15:00,26.388999999999996,788.8122675417723,0.72567,0.0,3014.8970273401937,27.247119743755913,0.0,0.0,43.094781798188635,0.0,0.0,20.310597871822115 
 07/21  09:30:00,27.017999999999997,800.4389717884208,0.72567,0.0,3016.9456201695643,27.25648785653856,0.0,0.0,45.22329425189584,0.0,0.0,20.3906069934741 
 07/21  09:45:00,27.647,810.6249618362577,0.72567,0.0,3019.2804136901173,27.266996482950322,0.0,0.0,47.75067583031567,0.0,0.0,20.48677562165818 
 07/21  10:00:00,28.275999999999996,819.4920097888349,0.72567,0.0,3020.8124177863056,27.273924628111985,0.0,0.0,49.78722262818876,0.0,0.0,20.565331113968227 
 07/21  10:15:00,28.830999999999996,827.1413376742952,0.72567,0.0,0.0,28.95622438643041,0.0,0.0,51.423772764589245,0.0,0.0,20.631328466469025 
 07/21  10:30:00,29.386,833.656769390796,0.72567,0.0,0.0,30.36709261971245,0.0,0.0,53.459904726156296,0.0,0.0,20.71298399763145 
 07/21  10:45:00,29.941,839.1072025158636,0.72567,0.0,0.0,30.77539802980255,0.0,0.0,54.87535703850007,0.0,0.0,20.773159247008493 
 07/21  11:00:00,30.496,843.548543157713,0.72567,0.0,0.0,31.446663066120323,0.0,0.0,56.644669072009606,0.0,0.0,20.846224358091504 
 07/21  11:15:00,30.866,847.0252092387462,0.72567,0.0,0.0,31.696296877531182,0.0,0.0,57.82043569548139,0.0,0.0,20.898263381853553 
 07/21  11:30:00,31.235999999999997,849.5712786816416,0.72567,0.0,0.0,32.16269847858038,0.0,0.0,59.27811682540109,0.0,0.0,20.960231421070763 
 07/21  11:45:00,31.605999999999998,851.2113368141144,0.72567,0.0,0.0,32.37284279599915,0.0,0.0,60.17226353387975,0.0,0.0,21.0018469884314 
 07/21  12:00:00,31.976,851.9610621511682,0.72567,0.0,3594.7186739169883,29.97036240375243,0.0,0.0,61.11482159356126,0.0,0.0,21.044347936570727 
 07/21  12:15:00,32.272,851.8275825976592,0.72567,0.0,0.0,31.37475467360591,0.0,0.0,61.97024305678811,0.0,0.0,21.0870604363628 
 07/21  12:30:00,32.568,850.8096308636893,0.72567,0.0,0.0,32.03395759797745,0.0,0.0,62.664028310573016,0.0,0.0,21.12301631188396 
 07/21  12:45:00,32.864,848.8975171958816,0.72567,0.0,0.0,32.50334758504353,0.0,0.0,63.11043971109416,0.0,0.0,21.151159989005563 
 07/21  13:00:00,33.16,846.0729158745193,0.72567,0.0,3667.9772415549874,30.310422130838536,0.0,0.0,63.530705922780655,0.0,0.0,21.18990003221164 
 07/21  13:15:00,33.345,842.3084427712594,0.72567,0.0,0.0,31.95903339015633,0.0,0.0,63.80067643227303,0.0,0.0,21.229626265162885 
 07/21  13:30:00,33.53,837.5669939710576,0.72567,0.0,3538.844778321357,29.698701762662928,0.0,0.0,63.979939969555105,0.0,0.0,21.277181780825003 
 07/21  13:45:00,33.714999999999996,831.80081204057,0.72567,0.0,0.0,30.988072067534993,0.0,0.0,64.05204670267639,0.0,0.0,21.345872405107873 
 07/21  14:00:00,33.9,824.9502370306571,0.72567,0.0,0.0,32.37107013472199,0.0,0.0,63.910906302436594,0.0,0.0,21.397238948000584 
 07/21  14:15:00,33.9,816.9420818754529,0.72567,0.0,3756.220150048246,30.718523780183126,0.0,0.0,63.65048004617791,0.0,0.0,21.450812368486172 
 07/21  14:30:00,33.9,807.6875477364134,0.72567,0.0,0.0,32.0917346108437,0.0,0.0,63.20260636628587,0.0,0.0,21.512695254554682 
 07/21  14:45:00,33.9,797.0795635529335,0.72567,0.0,3815.7876706783277,30.99555964456775,0.0,0.0,62.718493737532754,0.0,0.0,21.5533623612509 
 07/21  15:00:00,33.9,784.9893928907463,0.72567,0.0,0.0,32.87162753433454,0.0,0.0,62.01688242408336,0.0,0.0,21.602782316705643 
 07/21  15:15:00,33.678,771.2622957341948,0.72567,0.0,3879.489388213873,31.292911055042033,0.0,0.0,61.21463918366943,0.0,0.0,21.644642411471253 
 07/21  15:30:00,33.455999999999996,755.711957093837,0.72567,0.0,0.0,33.20422359731754,0.0,0.0,60.21005890946475,0.0,0.0,21.68283470422779 
 07/21  15:45:00,33.234,738.1132900952863,0.72567,0.0,4056.5908798177343,32.12250158756967,0.0,0.0,58.993152343176945,0.0,0.0,21.71906013072514 
 07/21  16:00:00,33.012,718.1930781696336,0.72567,0.0,0.0,33.15717127535722,0.0,0.0,57.96960940880338,0.0,0.0,21.73607203553854 
 07/21  16:15:00,32.716,695.6177272004535,0.8849400000000001,0.0,3825.2123144096763,31.026660258283098,0.0,0.0,56.73582691723999,0.0,0.0,21.747632758846052 
 07/21  16:30:00,32.42,669.9771451893703,0.8849400000000001,0.0,0.0,33.28159495014808,0.0,0.0,55.386128379035775,0.0,0.0,21.753146800513893 
 07/21  16:45:00,32.123999999999995,640.7634641960802,0.8849400000000001,0.0,3921.0214276288475,31.471502295716935,0.0,0.0,53.47958561416144,0.0,0.0,21.753755930947918 
 07/21  17:00:00,31.828,607.343044656219,0.8849400000000001,0.0,0.0,33.419783288402954,0.0,0.0,51.98849803040581,0.0,0.0,21.748308878826045 
 07/21  17:15:00,31.458,568.920248164066,1.6593,0.0,3941.981824534634,31.56265642351863,0.0,0.0,49.895206669038785,0.0,0.0,21.73868671966406 
 07/21  17:30:00,31.087999999999997,524.4927861314061,1.6593,0.0,0.0,32.76997353862713,0.0,0.0,47.956415048686054,0.0,0.0,21.724943729913804 
 07/21  17:45:00,30.718,472.80406753177203,1.6593,0.0,3951.741702206579,31.593755582900897,0.0,0.0,45.934135423765966,0.0,0.0,21.705522806968293 
 07/21  18:00:00,30.348,412.31755874699763,1.6593,0.0,0.0,32.76029586875713,0.0,0.0,43.88882223564228,0.0,0.0,21.677988058988458 
 07/21  18:15:00,29.793,341.30393883308585,2.69079,0.0,3937.7859584414064,31.512533541520284,0.0,0.0,41.814149135337054,0.0,0.0,21.640560697788594 
 07/21  18:30:00,29.238,258.3556333943391,2.69079,0.0,0.0,32.6109702965737,0.0,0.0,39.717459255599,0.0,0.0,21.591669332693918 
 07/21  18:45:00,28.683,164.4151083346258,2.69079,0.0,3896.4068201819614,31.299390465125636,0.0,0.0,37.62477519463164,0.0,0.0,21.5289615879052 
 07/21  19:00:00,28.128,69.74434375648063,2.69079,0.0,3694.1960127600387,30.341235706314883,0.0,0.0,35.58338364669686,0.0,0.0,21.448870258056676 
 07/21  19:15:00,27.720999999999997,8.548715857458362,2.69079,0.0,3696.3863324302974,30.344015810496693,0.0,0.0,33.64293642897809,0.0,0.0,21.348974034704348 
 07/21  19:30:00,27.314,0.0,2.69079,0.0,3626.6961066700806,30.009930264911663,0.0,0.0,31.84652828761542,0.0,0.0,21.229959411156074 
 07/21  19:45:00,26.906999999999996,0.0,2.69079,0.0,3577.3102695332072,29.775812788881034,0.0,0.0,30.348816146016972,0.0,0.0,21.115087187055387 
 07/21  20:00:00,26.5,0.0,2.69079,0.0,3524.3052958797766,29.529251505828725,0.0,0.0,28.985632208381737,0.0,0.0,20.988011385553918 
 07/21  20:15:00,26.166999999999998,0.0,2.69079,0.0,3457.2747819367196,29.231459918649197,0.0,0.0,27.700750708503893,0.0,0.0,20.816668038409397 
 07/21  20:30:00,25.834,0.0,2.69079,0.0,3414.192777415992,29.03679432312533,0.0,0.0,26.775878703513094,0.0,0.0,20.714911593694886 
 07/21  20:45:00,25.500999999999998,0.0,2.69079,0.0,3353.002106057037,28.766417590924576,0.0,0.0,25.822807702609587,0.0,0.0,20.56800156862772 
 07/21  21:00:00,25.168,0.0,2.69079,0.0,3314.1455053001587,28.58945963538835,0.0,0.0,25.13311854643192,0.0,0.0,20.484049074277873 
 07/21  21:15:00,24.834999999999997,0.0,3.0,0.0,3251.6936242999227,28.31258974768653,0.0,0.0,24.36780172594413,0.0,0.0,20.353470588656677 
 07/21  21:30:00,24.501999999999995,0.0,3.0,0.0,3200.5697801016395,28.0839644263483,0.0,0.0,23.748614273200342,0.0,0.0,20.255654724019127 
 07/21  21:45:00,24.168999999999997,0.0,3.0,0.0,3166.0411042323612,27.923924010424997,0.0,0.0,23.278539548047945,0.0,0.0,20.193961007219826 
 07/21  22:00:00,23.836,0.0,3.0,0.0,3103.340216662205,27.644791095702324,0.0,0.0,22.644639801938574,0.0,0.0,20.079364800644242 
 07/21  22:15:00,23.576999999999998,0.0,3.0,0.0,3048.7613348302566,27.39963860431177,0.0,0.0,22.180104576770745,0.0,0.0,19.998634888558243 
 07/21  22:30:00,23.317999999999998,0.0,3.0,0.0,2994.6991028226143,27.154531579687635,0.0,0.0,21.72813637901001,0.0,0.0,19.92389098510345 
 07/21  22:45:00,23.058999999999997,0.0,3.0,0.0,2944.23617453453,26.925958385585854,0.0,0.0,21.311835532735703,0.0,0.0,19.85131736540297 
 07/21  23:00:00,22.799999999999997,0.0,3.0,0.0,2895.158994593966,26.702995599108775,0.0,0.0,20.922394657063492,0.0,0.0,19.782915858188613 
 07/21  23:15:00,22.540999999999997,0.0,3.0,0.0,2840.553906984277,26.454317008965177,0.0,0.0,20.553176547776438,0.0,0.0,19.717774965967656 
 07/21  23:30:00,22.282,0.0,3.0,0.0,2786.502513193282,26.20798900411758,0.0,0.0,20.201527696813475,0.0,0.0,19.655548571853558 
 07/21  23:45:00,22.022999999999996,0.0,3.0,0.0,2736.344596237648,25.978974711037047,0.0,0.0,19.863925743348545,0.0,0.0,19.596021203086337 
 07/21  24:00:00,21.764,0.0,3.0,0.0,2687.27823499027,25.75439928702838,0.0,0.0,19.538022906698174,0.0,0.0,19.538895393054545 
 07/30  00:15:00,17.75,0.0,3.0,0.0,1607.4232093091246,20.729031238732205,0.0,0.0,16.725757450954127,0.0,0.0,18.31265467861412 
 07/30  00:30:00,17.5,0.0,3.0,0.0,0.0,21.538928815550612,0.0,0.0,16.424103258234666,0.0,0.0,18.302620331423256 
 07/30  00:45:00,17.25,0.0,3.0,0.0,0.0,22.32328648056481,0.0,0.0,16.18017043874064,0.0,0.0,18.28899155992183 
 07/30  01:00:00,17.0,0.0,3.0,0.0,0.0,22.350857356682898,0.0,0.0,16.19270270350531,0.0,0.0,18.28453178215598 
 07/30  01:15:00,17.0,0.0,3.0,0.0,0.0,22.431309295950587,0.0,0.0,16.23965667725134,0.0,0.0,18.277238936722956 
 07/30  01:30:00,17.0,0.0,3.0,0.0,0.0,22.612273994735016,0.0,0.0,16.26391123432786,0.0,0.0,18.26688653736376 
 07/30  01:45:00,17.0,0.0,3.0,0.0,0.0,22.7502647737727,0.0,0.0,16.24482795608076,0.0,0.0,18.249430013001355 
 07/30  02:00:00,17.0,0.0,3.0,0.0,0.0,22.80356031541473,0.0,0.0,16.20439221945723,0.0,0.0,18.223250572175196 
 07/30  02:15:00,17.0,0.0,3.0,0.0,0.0,22.805483512876123,0.0,0.0,16.1533630224039,0.0,0.0,18.19363055341932 
 07/30  02:30:00,17.0,0.0,3.0,0.0,0.0,22.794814115326194,0.0,0.0,16.073175126859446,0.0,0.0,18.1647961519176 
 07/30  02:45:00,17.0,0.0,3.0,0.0,0.0,22.81705195520499,0.0,0.0,16.014620031195804,0.0,0.0,18.138996474115707 
 07/30  03:00:00,17.0,0.0,3.0,0.0,0.0,22.850455520961557,0.0,0.0,16.042700503487715,0.0,0.0,18.120405167127316 
 07/30  03:15:00,17.0,0.0,3.0,0.0,0.0,22.870865501283305,0.0,0.0,16.099715409052816,0.0,0.0,18.11175642218837 
 07/30  03:30:00,17.0,0.0,3.0,0.0,0.0,22.875450382920395,0.0,0.0,16.095730886649058,0.0,0.0,18.11031285881127 
 07/30  03:45:00,17.0,0.0,3.0,0.0,0.0,22.871141315831455,0.0,0.0,15.994579813820097,0.0,0.0,18.111474857695057 
 07/30  04:00:00,17.0,0.0,3.0,0.0,0.0,22.863222865350536,0.0,0.0,15.808720279410853,0.0,0.0,18.112505782008345 
 07/30  04:15:00,17.0,0.0,3.0,0.0,0.0,22.863143854781317,0.0,0.0,15.58469781739696,0.0,0.0,18.112549455002206 
 07/30  04:30:00,17.0,0.0,3.0,0.0,0.0,22.84497208943627,0.0,0.0,15.455728677877472,0.0,0.0,18.11054474720352 
 07/30  04:45:00,17.0,0.0,3.0,0.0,0.0,22.81588775291885,0.0,0.0,15.468109402770473,0.0,0.0,18.101053953065946 
 07/30  05:00:00,17.0,0.0,3.0,0.0,0.0,22.78615271610323,0.0,0.0,15.4917339329738,0.0,0.0,18.08199767887703 
 07/30  05:15:00,17.0,44.25,3.0,0.0,0.0,22.844635061134802,0.0,0.0,15.458259297504494,0.0,0.0,18.05702342535773 
 07/30  05:30:00,17.0,59.0,3.0,0.0,0.0,22.960012889455612,0.0,0.0,15.40813686949635,0.0,0.0,18.032349011394878 
 07/30  05:45:00,17.0,80.0,3.0,0.0,0.0,23.116195080240672,0.0,0.0,15.528137228346221,0.0,0.0,18.01369775132635 
 07/30  06:00:00,17.0,101.0,3.0,0.0,0.0,23.20008624631511,0.0,0.0,15.902312856782684,0.0,0.0,18.019101073013715 
 07/30  06:15:00,17.25,122.0,3.0,0.0,0.0,23.34138241640632,0.0,0.0,16.50774009901792,0.0,0.0,18.037410011359817 
 07/30  06:30:00,17.5,143.0,3.0,0.0,0.0,23.497785821087945,0.0,0.0,17.34512772268168,0.0,0.0,18.070655364967237 
 07/30  06:45:00,17.75,207.0,3.0,0.0,0.0,23.711667383474797,0.0,0.0,18.49719244332667,0.0,0.0,18.111554141827924 
 07/30  07:00:00,18.0,271.0,3.0,0.0,0.0,23.965608731979458,0.0,0.0,20.09473728953187,0.0,0.0,18.16716763524458 
 07/30  07:15:00,18.75,335.0,2.6493,0.0,0.0,24.241424830439772,0.0,0.0,22.17910821337805,0.0,0.0,18.236756335165254 
 07/30  07:30:00,19.5,399.0,2.6493,0.0,0.0,24.572806698440147,0.0,0.0,24.605872886236728,0.0,0.0,18.321956530312878 
 07/30  07:45:00,20.25,423.25,2.6493,0.0,2175.72238949019,23.408427626318847,0.0,0.0,27.50546142102641,0.0,0.0,18.42683582002459 
 07/30  08:00:00,21.0,447.5,2.6493,0.0,0.0,23.961267965315646,0.0,0.0,30.858951187614483,0.0,0.0,18.586181816611035 
 07/30  08:15:00,21.25,471.75,1.22583,0.0,2084.2282709577453,22.9791109733128,0.0,0.0,33.10392532619384,0.0,0.0,18.68977047665203 
 07/30  08:30:00,21.5,496.0,1.22583,0.0,0.0,24.120852687270833,0.0,0.0,35.34826308952215,0.0,0.0,18.80624453082507 
 07/30  08:45:00,21.75,536.75,1.22583,0.0,2102.0727186888453,23.06480698871307,0.0,0.0,37.38656880935671,0.0,0.0,18.92275385331648 
 07/30  09:00:00,22.0,577.5,1.22583,0.0,0.0,23.97928807629644,0.0,0.0,39.678304061988015,0.0,0.0,19.0653728584882 
 07/30  09:15:00,22.25,618.25,0.72567,0.0,2110.3466446280745,23.110770345317352,0.0,0.0,41.202798272493396,0.0,0.0,19.161769056312053 
 07/30  09:30:00,22.5,659.0,0.72567,0.0,0.0,24.185164084158576,0.0,0.0,43.340779632439876,0.0,0.0,19.289839120749473 
 07/30  09:45:00,22.75,661.0,0.72567,0.0,2267.1315528050504,23.858860071397594,0.0,0.0,45.29895960654665,0.0,0.0,19.400645862470736 
 07/30  10:00:00,23.0,663.0,0.72567,0.0,0.0,24.554868052803126,0.0,0.0,47.13086021085639,0.0,0.0,19.50705350125676 
 07/30  10:15:00,23.25,665.0,0.72567,0.0,0.0,25.237490136732134,0.0,0.0,48.493438241406835,0.0,0.0,19.594891858727316 
 07/30  10:30:00,23.5,667.0,0.72567,0.0,0.0,25.84078648138426,0.0,0.0,49.749861968492574,0.0,0.0,19.685839442478752 
 07/30  10:45:00,23.75,704.25,0.72567,0.0,0.0,26.658887539358147,0.0,0.0,51.109148645884446,0.0,0.0,19.78850613924539 
 07/30  11:00:00,24.0,741.5,0.72567,0.0,0.0,26.88076571539017,0.0,0.0,51.92797331918089,0.0,0.0,19.855274081518893 
 07/30  11:15:00,24.25,778.75,0.72567,0.0,0.0,27.347939656418323,0.0,0.0,53.14338605305282,0.0,0.0,19.93777654339665 
 07/30  11:30:00,24.5,816.0,0.72567,0.0,0.0,27.550842577397404,0.0,0.0,54.18812051854941,0.0,0.0,19.992877352244097 
 07/30  11:45:00,24.75,717.0,0.72567,0.0,0.0,27.90333288288227,0.0,0.0,55.500310234068266,0.0,0.0,20.058470451727004 
 07/30  12:00:00,25.0,618.0,0.72567,0.0,0.0,28.042358981643073,0.0,0.0,55.93685557319294,0.0,0.0,20.097589424797462 
 07/30  12:15:00,25.75,519.0,0.72567,0.0,0.0,28.262629985520515,0.0,0.0,55.99761312835342,0.0,0.0,20.138943470674924 
 07/30  12:30:00,26.5,420.0,0.72567,0.0,0.0,28.444118096507076,0.0,0.0,55.408143268245325,0.0,0.0,20.164442110641406 
 07/30  12:45:00,27.25,458.0,0.72567,0.0,0.0,28.685163005731827,0.0,0.0,54.48590099553221,0.0,0.0,20.19117937670095 
 07/30  13:00:00,28.0,496.0,0.72567,0.0,0.0,28.946715335296116,0.0,0.0,53.88841860976109,0.0,0.0,20.218495259854674 
 07/30  13:15:00,28.25,534.0,0.72567,0.0,0.0,29.220448993582224,0.0,0.0,53.598090010891035,0.0,0.0,20.249834288280653 
 07/30  13:30:00,28.5,572.0,0.72567,0.0,0.0,29.766097101506446,0.0,0.0,53.39318459601293,0.0,0.0,20.300145586457994 
 07/30  13:45:00,28.75,492.0,0.72567,0.0,0.0,30.179165032896314,0.0,0.0,53.44979734009575,0.0,0.0,20.348210060925545 
 07/30  14:00:00,29.0,412.0,0.72567,0.0,0.0,30.51227325493715,0.0,0.0,53.02724337974082,0.0,0.0,20.401227279392764 
 07/30  14:15:00,27.75,332.0,0.72567,0.0,0.0,30.69706084864969,0.0,0.0,51.97414598085931,0.0,0.0,20.445797447165848 
 07/30  14:30:00,26.5,252.0,0.72567,0.0,0.0,30.903370657151584,0.0,0.0,50.21945180562483,0.0,0.0,20.487605143796532 
 07/30  14:45:00,25.25,335.0,0.72567,0.0,0.0,31.154038172323503,0.0,0.0,48.04300162392513,0.0,0.0,20.51597207181466 
 07/30  15:00:00,24.0,418.0,0.72567,0.0,0.0,31.432322405134368,0.0,0.0,46.04073984247635,0.0,0.0,20.531405186688787 
 07/30  15:15:00,23.5,501.0,0.72567,0.0,0.0,31.755562654163462,0.0,0.0,44.35371908600256,0.0,0.0,20.53800678413149 
 07/30  15:30:00,23.0,584.0,0.72567,0.0,0.0,32.116811859578455,0.0,0.0,43.046321006731716,0.0,0.0,20.541042502110066 
 07/30  15:45:00,22.5,484.5,0.72567,0.0,0.0,32.42205223989542,0.0,0.0,41.96572839168232,0.0,0.0,20.543548027860176 
 07/30  16:00:00,22.0,385.0,0.72567,0.0,3553.2580533424925,29.977477658171694,0.0,0.0,40.640393309392486,0.0,0.0,20.54110239287935 
 07/30  16:15:00,20.75,285.5,0.8849400000000001,0.0,0.0,31.172866495780713,0.0,0.0,37.51750456659724,0.0,0.0,20.50436867574465 
 07/30  16:30:00,19.5,186.0,0.8849400000000001,0.0,0.0,31.540394576005436,0.0,0.0,32.577560896120424,0.0,0.0,20.342511802756256 
 07/30  16:45:00,18.25,145.25,0.8849400000000001,0.0,0.0,32.09178347022377,0.0,0.0,28.09728998746643,0.0,0.0,20.07146609389791 
 07/30  17:00:00,17.0,104.5,0.8849400000000001,0.0,0.0,32.203597635219815,0.0,0.0,25.426691711217835,0.0,0.0,19.83168244092735 
 07/30  17:15:00,17.0,63.75,1.6593,0.0,0.0,32.36601640866614,0.0,0.0,23.364298585896556,0.0,0.0,19.606235771473724 
 07/30  17:30:00,17.0,23.0,1.6593,0.0,0.0,32.47701124711084,0.0,0.0,21.898309403349153,0.0,0.0,19.42158540994664 
 07/30  17:45:00,17.0,17.25,1.6593,0.0,3522.5224692968063,29.81155580881435,0.0,0.0,20.839538387963543,0.0,0.0,19.276937286125282 
 07/30  18:00:00,17.0,11.5,1.6593,0.0,0.0,30.952526991842817,0.0,0.0,20.43884453928606,0.0,0.0,19.187802090354957 
 07/30  18:15:00,17.0,5.75,2.69079,0.0,0.0,31.283261078034716,0.0,0.0,20.362567570427036,0.0,0.0,19.100237578190324 
 07/30  18:30:00,17.0,0.0,2.69079,0.0,0.0,31.55684906993733,0.0,0.0,20.25276954947893,0.0,0.0,19.02927248649451 
 07/30  18:45:00,17.0,0.0,2.69079,0.0,3405.5350307596664,29.237493286576957,0.0,0.0,19.937423169554844,0.0,0.0,19.004445063750257 
 07/30  19:00:00,17.0,0.0,2.69079,0.0,3281.23610829789,28.642151770711173,0.0,0.0,19.61984660826264,0.0,0.0,18.986972820401093 
 07/30  19:15:00,17.25,0.0,2.69079,0.0,3185.866224154503,28.186073309194693,0.0,0.0,19.27544737995177,0.0,0.0,18.972025528024375 
 07/30  19:30:00,17.5,0.0,2.69079,0.0,3033.2225736496625,27.453478063204898,0.0,0.0,18.78891207337972,0.0,0.0,18.939608446439326 
 07/30  19:45:00,17.75,0.0,2.69079,0.0,2965.788484800496,27.12696543980028,0.0,0.0,18.485261784239675,0.0,0.0,18.90802926569133 
 07/30  20:00:00,18.0,0.0,2.69079,0.0,2907.4768981818233,26.847779001547995,0.0,0.0,18.281452030619118,0.0,0.0,18.87741189986588 
 07/30  20:15:00,18.0,0.0,2.69079,0.0,2860.5039712801145,26.62100924965943,0.0,0.0,18.196489921781502,0.0,0.0,18.861299729481765 
 07/30  20:30:00,18.0,0.0,2.69079,0.0,2785.4397851870767,26.259888156240763,0.0,0.0,18.106842457980328,0.0,0.0,18.832609848192362 
 07/30  20:45:00,18.0,0.0,2.69079,0.0,2725.4470157438645,25.972190536372697,0.0,0.0,18.097724539108647,0.0,0.0,18.81486848132854 
 07/30  21:00:00,18.0,0.0,2.69079,0.0,2680.787560723454,25.756683170238492,0.0,0.0,18.128216872380023,0.0,0.0,18.80779627828442 
 07/30  21:15:00,18.0,0.0,3.0,0.0,2636.098325424913,25.540714382743143,0.0,0.0,18.126750293162104,0.0,0.0,18.805290766004887 
 07/30  21:30:00,18.0,0.0,3.0,0.0,2588.3264728413083,25.310410527992723,0.0,0.0,18.05188611636211,0.0,0.0,18.80313150826919 
 07/30  21:45:00,18.0,0.0,3.0,0.0,2540.453128334826,25.082632103885757,0.0,0.0,17.903962301042167,0.0,0.0,18.799614589384294 
 07/30  22:00:00,18.0,0.0,3.0,0.0,2493.317659913501,24.86579046532126,0.0,0.0,17.70152557235848,0.0,0.0,18.794261756378862 
 07/30  22:15:00,18.0,0.0,3.0,0.0,2438.709884690498,24.612666222721128,0.0,0.0,17.58861870420091,0.0,0.0,18.786849168974577 
 07/30  22:30:00,18.0,0.0,3.0,0.0,2384.3683165004736,24.361520494583385,0.0,0.0,17.637994612391452,0.0,0.0,18.776435895155537 
 07/30  22:45:00,18.0,0.0,3.0,0.0,2334.7244598611483,24.132273335230263,0.0,0.0,17.692413199041393,0.0,0.0,18.76201535178785 
 07/30  23:00:00,18.0,0.0,3.0,0.0,2288.422804503079,23.91795701440945,0.0,0.0,17.653494869040173,0.0,0.0,18.743336449317738 
 07/30  23:15:00,18.0,0.0,3.0,0.0,2238.2569303700557,23.68445392907585,0.0,0.0,17.560593081215078,0.0,0.0,18.721051882898355 
 07/30  23:30:00,18.0,0.0,3.0,0.0,2188.9474158325684,23.455218568783096,0.0,0.0,17.478837201682204,0.0,0.0,18.697052585182433 
 07/30  23:45:00,18.0,0.0,3.0,0.0,0.0,24.52256118666412,0.0,0.0,17.435910743766232,0.0,0.0,18.680036222095584 
 07/30  24:00:00,18.0,0.0,3.0,0.0,2140.028149662574,23.227888880972515,0.0,0.0,17.25227360622541,0.0,0.0,18.661516797632213 
 07/31  00:15:00,17.75,0.0,3.0,0.0,0.0,24.181786886378504,0.0,0.0,16.863687584340138,0.0,0.0,18.6437946769747 
 07/31  00:30:00,17.5,0.0,3.0,0.0,304.7610919806676,24.30166497490712,0.0,0.0,16.387348490499566,0.0,0.0,18.624670483964465 
 07/31  00:45:00,17.25,0.0,3.0,0.0,1240.1864390162877,23.81573407680228,0.0,0.0,15.970927300355338,0.0,0.0,18.60799160653997 
 07/31  01:00:00,17.0,0.0,3.0,0.0,1188.0633283066147,23.504700825099867,0.0,0.0,15.438982353811118,0.0,0.0,18.577948372742135 
 07/31  01:15:00,17.0,0.0,3.0,0.0,594.7472049243675,23.769909640874566,0.0,0.0,15.131932702571477,0.0,0.0,18.556350019317193 
 07/31  01:30:00,17.0,0.0,3.0,0.0,0.0,24.335700255244376,0.0,0.0,14.890961786906548,0.0,0.0,18.53583975896821 
 07/31  01:45:00,17.0,0.0,3.0,0.0,0.0,24.74395366315939,0.0,0.0,14.733723463527642,0.0,0.0,18.514830634814963 
 07/31  02:00:00,17.0,0.0,3.0,0.0,0.0,24.942576443313172,0.0,0.0,14.643129278020423,0.0,0.0,18.49426725540723 
 07/31  02:15:00,16.75,0.0,3.0,0.0,0.0,24.986211446609353,0.0,0.0,14.577169162615244,0.0,0.0,18.474476984277903 
 07/31  02:30:00,16.5,0.0,3.0,0.0,1460.1916423652417,23.906279621859603,0.0,0.0,14.481991194242504,0.0,0.0,18.46095192648896 
 07/31  02:45:00,16.25,0.0,3.0,0.0,1469.9589378826297,22.89686505960987,0.0,0.0,14.316457396112735,0.0,0.0,18.43787335968341 
 07/31  03:00:00,16.0,0.0,3.0,0.0,0.0,23.66702952266364,0.0,0.0,14.143191078750462,0.0,0.0,18.424024051747445 
 07/31  03:15:00,15.75,0.0,3.0,0.0,0.0,23.822200448197655,0.0,0.0,13.915143995063614,0.0,0.0,18.404614321207237 
 07/31  03:30:00,15.5,0.0,3.0,0.0,209.9475289790018,23.812269647957436,0.0,0.0,13.64924516305149,0.0,0.0,18.379046029194885 
 07/31  03:45:00,15.25,0.0,3.0,0.0,288.7987120000814,23.749304549390008,0.0,0.0,13.39075302502816,0.0,0.0,18.352927738049157 
 07/31  04:00:00,15.0,0.0,3.0,0.0,191.5871107890594,23.74689585998639,0.0,0.0,13.160611452620138,0.0,0.0,18.32953349492678 
 07/31  04:15:00,15.25,0.0,3.0,0.0,0.0,23.90310190753469,0.0,0.0,12.96026953234844,0.0,0.0,18.3072613376819 
 07/31  04:30:00,15.5,0.0,3.0,0.0,0.0,24.095062293356015,0.0,0.0,12.821655077907788,0.0,0.0,18.28543278573161 
 07/31  04:45:00,15.75,0.0,3.0,0.0,0.0,24.18349989341733,0.0,0.0,12.759511079337136,0.0,0.0,18.26508299931267 
 07/31  05:00:00,16.0,0.0,3.0,0.0,0.0,24.176701672491618,0.0,0.0,12.761484119658176,0.0,0.0,18.246817706349077 
 07/31  05:15:00,16.0,131.25,3.0,0.0,484.3537504072617,23.919996558543918,0.0,0.0,12.88310325648719,0.0,0.0,18.23176777175679 
 07/31  05:30:00,16.0,175.0,3.0,0.0,0.0,24.19786948309112,0.0,0.0,13.16864940574986,0.0,0.0,18.232790857657026 
 07/31  05:45:00,16.0,256.75,3.0,0.0,286.34027353260115,24.355640961228808,0.0,0.0,13.654492403169606,0.0,0.0,18.242577429050456 
 07/31  06:00:00,16.0,338.5,3.0,0.0,665.3590203269475,24.171357437546675,0.0,0.0,14.260713778858921,0.0,0.0,18.266234171321173 
 07/31  06:15:00,16.5,420.25,3.0,0.0,947.7993543557361,24.03810564872501,0.0,0.0,15.210155500865529,0.0,0.0,18.300279200637135 
 07/31  06:30:00,17.0,502.0,3.0,0.0,719.0901394900404,24.242771724971732,0.0,0.0,16.50254029315239,0.0,0.0,18.355246839318507 
 07/31  06:45:00,17.5,476.75,3.0,0.0,616.533245485093,24.464295170044068,0.0,0.0,18.03399674698823,0.0,0.0,18.427824803886935 
 07/31  07:00:00,18.0,451.5,3.0,0.0,1092.4891349876139,24.343784796803458,0.0,0.0,19.640120913988117,0.0,0.0,18.516049188004477 
 07/31  07:15:00,18.75,426.25,2.6493,0.0,1388.7682211902938,24.225097252398633,0.0,0.0,21.560810034216264,0.0,0.0,18.613050788239324 
 07/31  07:30:00,19.5,401.0,2.6493,0.0,969.6048491026608,24.452701668032393,0.0,0.0,23.931914642096245,0.0,0.0,18.750669131647843 
 07/31  07:45:00,20.25,405.5,2.6493,0.0,856.1045542225861,24.82260458534031,0.0,0.0,26.151544269403864,0.0,0.0,18.86060013711071 
 07/31  08:00:00,21.0,410.0,2.6493,0.0,0.0,25.62385063130423,0.0,0.0,28.41225105793682,0.0,0.0,18.962355555316 
 07/31  08:15:00,21.25,414.5,1.22583,0.0,1213.3148459869747,25.446359970918724,0.0,0.0,30.607565205895675,0.0,0.0,19.05096891095753 
 07/31  08:30:00,21.5,419.0,1.22583,0.0,2079.512917853601,24.704663357449405,0.0,0.0,32.2688433352022,0.0,0.0,19.118599384698502 
 07/31  08:45:00,21.75,443.25,1.22583,0.0,749.0004948307519,24.983557895892115,0.0,0.0,34.47267166701286,0.0,0.0,19.21419313127685 
 07/31  09:00:00,22.0,467.5,1.22583,0.0,470.4181422527852,25.757589119184498,0.0,0.0,36.44002809124777,0.0,0.0,19.298991465113225 
 07/31  09:15:00,22.25,491.75,0.72567,0.0,0.0,26.515227218724934,0.0,0.0,38.492162248040145,0.0,0.0,19.385014069829655 
 07/31  09:30:00,22.5,516.0,0.72567,0.0,0.0,26.911465577465414,0.0,0.0,40.30562835998802,0.0,0.0,19.462490171972096 
 07/31  09:45:00,22.75,500.25,0.72567,0.0,2250.7730183940366,25.975234874933854,0.0,0.0,42.620829714609286,0.0,0.0,19.56631759432799 
 07/31  10:00:00,23.0,484.5,0.72567,0.0,2918.941513935475,25.178366588409112,0.0,0.0,44.12792346617965,0.0,0.0,19.647516024028064 
 07/31  10:15:00,23.5,468.75,0.72567,0.0,0.0,26.419704040401847,0.0,0.0,45.55683495944656,0.0,0.0,19.735305496866754 
 07/31  10:30:00,24.0,453.0,0.72567,0.0,617.3228895861632,26.49888193944321,0.0,0.0,46.71627148032323,0.0,0.0,19.820935073369803 
 07/31  10:45:00,24.5,510.0,0.72567,0.0,2563.1813384469833,25.675522445877142,0.0,0.0,47.670948475389366,0.0,0.0,19.902455637949906 
 07/31  11:00:00,25.0,567.0,0.72567,0.0,0.0,26.61079432542487,0.0,0.0,48.79814570645141,0.0,0.0,19.99656813479266 
 07/31  11:15:00,25.0,624.0,0.72567,0.0,1111.7049299139824,27.051904345762615,0.0,0.0,49.63792459662672,0.0,0.0,20.068270953687968 
 07/31  11:30:00,25.0,681.0,0.72567,0.0,3016.6425285442383,25.678837342241714,0.0,0.0,50.444662505822606,0.0,0.0,20.132225228759435 
 07/31  11:45:00,25.0,652.0,0.72567,0.0,2740.226936826839,25.552084905139708,0.0,0.0,50.94041400603419,0.0,0.0,20.177671244102775 
 07/31  12:00:00,25.0,623.0,0.72567,0.0,1118.734903922998,26.112278913419296,0.0,0.0,51.381768131099996,0.0,0.0,20.232804359429153 
 07/31  12:15:00,25.5,594.0,0.72567,0.0,1153.7625101545364,26.408727463345585,0.0,0.0,51.4366241061702,0.0,0.0,20.259545198158982 
 07/31  12:30:00,26.0,565.0,0.72567,0.0,0.0,27.379171131196305,0.0,0.0,51.656025794803305,0.0,0.0,20.292949286786797 
 07/31  12:45:00,26.5,552.75,0.72567,0.0,0.0,28.4219278910363,0.0,0.0,52.00566496462809,0.0,0.0,20.331446767838784 
 07/31  13:00:00,27.0,540.5,0.72567,0.0,0.0,28.6961664701268,0.0,0.0,52.3738276471788,0.0,0.0,20.36222815330009 
 07/31  13:15:00,26.75,528.25,0.72567,0.0,0.0,29.011693787264644,0.0,0.0,52.6266734499453,0.0,0.0,20.398481896128285 
 07/31  13:30:00,26.5,516.0,0.72567,0.0,0.0,29.685513984910877,0.0,0.0,52.65282566975692,0.0,0.0,20.45159399676261 
 07/31  13:45:00,26.25,481.25,0.72567,0.0,0.0,30.174949513394782,0.0,0.0,52.08437117949791,0.0,0.0,20.49188723184902 
 07/31  14:00:00,26.0,446.5,0.72567,0.0,0.0,30.416441896165306,0.0,0.0,51.402748551060725,0.0,0.0,20.52545905235593 
 07/31  14:15:00,25.5,411.75,0.72567,0.0,0.0,30.938824170916668,0.0,0.0,50.53687663174726,0.0,0.0,20.569915284669168 
 07/31  14:30:00,25.0,377.0,0.72567,0.0,0.0,31.18383768477156,0.0,0.0,50.24749331616087,0.0,0.0,20.599937590186194 
 07/31  14:45:00,24.5,371.25,0.72567,0.0,0.0,31.72103073007863,0.0,0.0,49.9066268286343,0.0,0.0,20.64639391885833 
 07/31  15:00:00,24.0,365.5,0.72567,0.0,0.0,32.100909975915584,0.0,0.0,49.85048712009626,0.0,0.0,20.681119689178736 
 07/31  15:15:00,22.5,359.75,0.72567,0.0,0.0,32.410376686101515,0.0,0.0,49.44118393102933,0.0,0.0,20.71170763122059 
 07/31  15:30:00,21.0,354.0,0.72567,0.0,0.0,32.566788759959984,0.0,0.0,48.28199252732068,0.0,0.0,20.725548166291382 
 07/31  15:45:00,19.5,339.5,0.72567,0.0,0.0,32.74706014802692,0.0,0.0,46.383746367176926,0.0,0.0,20.725267289605377 
 07/31  16:00:00,18.0,325.0,0.72567,0.0,0.0,32.903569863410205,0.0,0.0,43.9664898290202,0.0,0.0,20.704599689121366 
 07/31  16:15:00,18.25,310.5,0.8849400000000001,0.0,0.0,33.04795093656759,0.0,0.0,40.060505915995726,0.0,0.0,20.63928363026179 
 07/31  16:30:00,18.5,296.0,0.8849400000000001,0.0,0.0,33.18699474111324,0.0,0.0,33.580440597414835,0.0,0.0,20.446486105356644 
 07/31  16:45:00,18.75,250.5,0.8849400000000001,0.0,0.0,33.39357012704724,0.0,0.0,28.601309926977727,0.0,0.0,20.147474668424938 
 07/31  17:00:00,19.0,205.0,0.8849400000000001,0.0,0.0,33.457436014223184,0.0,0.0,26.01355547359037,0.0,0.0,19.90383672274114 
 07/31  17:15:00,19.0,159.5,1.6593,0.0,0.0,33.55790855046469,0.0,0.0,24.141344046574222,0.0,0.0,19.68635379495361 
 07/31  17:30:00,19.0,114.0,1.6593,0.0,0.0,33.6262048452638,0.0,0.0,22.806198476870872,0.0,0.0,19.51324231456124 
 07/31  17:45:00,19.0,93.25,1.6593,0.0,0.0,33.672858854877276,0.0,0.0,21.850266581204174,0.0,0.0,19.381274401162816 
 07/31  18:00:00,19.0,72.5,1.6593,0.0,0.0,33.74279107584914,0.0,0.0,21.499221248893775,0.0,0.0,19.29889730142436 
 07/31  18:15:00,19.0,51.75,2.69079,0.0,0.0,33.83350715209462,0.0,0.0,21.48516938358048,0.0,0.0,19.209950367025236 
 07/31  18:30:00,19.0,31.0,2.69079,0.0,0.0,33.87225231563347,0.0,0.0,21.496252074811046,0.0,0.0,19.154864449645267 
 07/31  18:45:00,19.0,23.25,2.69079,0.0,0.0,33.85548396843804,0.0,0.0,21.266998938298702,0.0,0.0,19.138902808008186 
 07/31  19:00:00,19.0,15.5,2.69079,0.0,0.0,33.81925662444259,0.0,0.0,20.881953252337635,0.0,0.0,19.142597391126678 
 07/31  19:15:00,18.75,0.0,2.69079,0.0,0.0,33.74021204206879,0.0,0.0,20.319705649673175,0.0,0.0,19.13592573994181 
 07/31  19:30:00,18.5,0.0,2.69079,0.0,0.0,33.61422859032281,0.0,0.0,19.789739709112762,0.0,0.0,19.127159102519457 
 07/31  19:45:00,18.25,0.0,2.69079,0.0,0.0,33.47206014355242,0.0,0.0,19.334841453982506,0.0,0.0,19.108069935538982 
 07/31  20:00:00,18.0,0.0,2.69079,0.0,0.0,33.353521434773754,0.0,0.0,18.95534547692778,0.0,0.0,19.07528084935727 
 07/31  20:15:00,18.0,0.0,2.69079,0.0,0.0,33.25274882868402,0.0,0.0,18.628237149639872,0.0,0.0,19.03837337828527 
 07/31  20:30:00,18.0,0.0,2.69079,0.0,0.0,33.15976654519406,0.0,0.0,18.375633728408122,0.0,0.0,19.00186663635037 
 07/31  20:45:00,18.0,0.0,2.69079,0.0,0.0,33.10539563879715,0.0,0.0,18.137595674970527,0.0,0.0,18.969804284737215 
 07/31  21:00:00,18.0,0.0,2.69079,0.0,0.0,33.064200939298765,0.0,0.0,17.863083047147057,0.0,0.0,18.94723875162719 
 07/31  21:15:00,18.075,0.0,3.0,0.0,0.0,33.0001103417099,0.0,0.0,17.602374632689873,0.0,0.0,18.934477676783974 
 07/31  21:30:00,18.15,0.0,3.0,0.0,0.0,32.91624437244384,0.0,0.0,17.4068782364054,0.0,0.0,18.92820851635943 
 07/31  21:45:00,18.225,0.0,3.0,0.0,0.0,32.82660946298443,0.0,0.0,17.274274087914666,0.0,0.0,18.925142875718343 
 07/31  22:00:00,18.3,0.0,3.0,0.0,0.0,32.7389554361613,0.0,0.0,17.184617159395334,0.0,0.0,18.923538560725685 
 07/31  22:15:00,18.375,0.0,3.0,0.0,0.0,32.61539147148676,0.0,0.0,17.125608225810907,0.0,0.0,18.922822397592608 
 07/31  22:30:00,18.450000000000003,0.0,3.0,0.0,0.0,32.44423401619686,0.0,0.0,17.183017200236048,0.0,0.0,18.922406445390575 
 07/31  22:45:00,18.525000000000002,0.0,3.0,0.0,0.0,32.26992038913249,0.0,0.0,17.386722724562237,0.0,0.0,18.920434081128615 
 07/31  23:00:00,18.6,0.0,3.0,0.0,0.0,32.11664110161196,0.0,0.0,17.600546623781337,0.0,0.0,18.916722190448123 
 07/31  23:15:00,18.675,0.0,3.0,0.0,0.0,31.950362015585938,0.0,0.0,17.726483999465923,0.0,0.0,18.912797166119752 
 07/31  23:30:00,18.75,0.0,3.0,0.0,0.0,31.77819752919374,0.0,0.0,17.76167397164333,0.0,0.0,18.908753433033215 
 07/31  23:45:00,18.825,0.0,3.0,0.0,0.0,31.650344091401703,0.0,0.0,17.72040954530981,0.0,0.0,18.903892994645137 
 07/31  24:00:00,18.9,0.0,3.0,0.0,0.0,31.547747076914497,0.0,0.0,17.62622453871832,0.0,0.0,18.900091262692914 
 08/01  00:15:00,18.95,0.0,3.0,0.0,0.0,31.425195487707533,0.0,0.0,17.54297476311275,0.0,0.0,18.89928087728932 
 08/01  00:30:00,19.0,0.0,3.0,0.0,0.0,31.287036354875383,0.0,0.0,17.51627273308907,0.0,0.0,18.90120462433533 
 08/01  00:45:00,19.05,0.0,3.0,0.0,0.0,31.148895499153525,0.0,0.0,17.545808644059438,0.0,0.0,18.90453754624686 
 08/01  01:00:00,19.1,0.0,3.0,0.0,0.0,31.0183480543675,0.0,0.0,17.61301414248671,0.0,0.0,18.908334027226985 
 08/01  01:15:00,19.175,0.0,3.0,0.0,0.0,30.887671783914584,0.0,0.0,17.687772070499186,0.0,0.0,18.912213426761355 
 08/01  01:30:00,19.25,0.0,3.0,0.0,0.0,30.75645517992776,0.0,0.0,17.734768774724436,0.0,0.0,18.915816926589503 
 08/01  01:45:00,19.325,0.0,3.0,0.0,0.0,30.627005906116352,0.0,0.0,17.742229590920328,0.0,0.0,18.918690522327495 
 08/01  02:00:00,19.4,0.0,3.0,0.0,0.0,30.500628627390622,0.0,0.0,17.722424081021586,0.0,0.0,18.92051405279243 
 08/01  02:15:00,19.474999999999998,0.0,3.0,0.0,0.0,30.377320253841148,0.0,0.0,17.694483096791387,0.0,0.0,18.921220220585077 
 08/01  02:30:00,19.549999999999997,0.0,3.0,0.0,0.0,30.25727255371593,0.0,0.0,17.67329369925376,0.0,0.0,18.92100748093428 
 08/01  02:45:00,19.625,0.0,3.0,0.0,0.0,30.140511509306034,0.0,0.0,17.666400428868947,0.0,0.0,18.920175784429873 
 08/01  03:00:00,19.7,0.0,3.0,0.0,0.0,30.026834549573266,0.0,0.0,17.672631656450772,0.0,0.0,18.918950873775156 
 08/01  03:15:00,19.775,0.0,3.0,0.0,0.0,29.916112062024247,0.0,0.0,17.69712560164439,0.0,0.0,18.917476990664927 
 08/01  03:30:00,19.85,0.0,3.0,0.0,0.0,29.80892278308002,0.0,0.0,17.752218283132695,0.0,0.0,18.915972457059446 
 08/01  03:45:00,19.925,0.0,3.0,0.0,0.0,29.70543151574387,0.0,0.0,17.83965123244277,0.0,0.0,18.91470093700339 
 08/01  04:00:00,20.0,0.0,3.0,0.0,0.0,29.605272386486707,0.0,0.0,17.951822539901144,0.0,0.0,18.913817254519042 
 08/01  04:15:00,19.25,0.0,3.0,0.0,0.0,29.503463893707533,0.0,0.0,18.02267137211962,0.0,0.0,18.91314665220525 
 08/01  04:30:00,18.5,0.0,3.0,0.0,0.0,29.391579901508543,0.0,0.0,17.931875739462182,0.0,0.0,18.91095751299446 
 08/01  04:45:00,17.75,0.0,3.0,0.0,0.0,29.26882168531087,0.0,0.0,17.63543868122578,0.0,0.0,18.90484601488493 
 08/01  05:00:00,17.0,0.0,3.0,0.0,0.0,29.199738779981537,0.0,0.0,17.2507318657797,0.0,0.0,18.89542606457476 
 08/01  05:15:00,16.75,0.0,3.0,0.0,0.0,29.058062498286624,0.0,0.0,16.696267023770986,0.0,0.0,18.87614327178279 
 08/01  05:30:00,16.5,0.0,3.0,0.0,0.0,28.95698109237962,0.0,0.0,16.29581885410809,0.0,0.0,18.85450435238606 
 08/01  05:45:00,16.25,85.25,3.0,0.0,0.0,28.93021557909174,0.0,0.0,16.059253035160452,0.0,0.0,18.831270640722842 
 08/01  06:00:00,16.0,170.5,3.0,0.0,0.0,28.987736107005023,0.0,0.0,16.109997050653917,0.0,0.0,18.81177229816266 
 08/01  06:15:00,16.0,255.75,3.0,0.0,0.0,29.108415066446533,0.0,0.0,16.488267014323142,0.0,0.0,18.810975342716112 
 08/01  06:30:00,16.0,341.0,3.0,0.0,0.0,29.274097352711383,0.0,0.0,17.10248178999625,0.0,0.0,18.814371173960502 
 08/01  06:45:00,16.0,412.5,3.0,0.0,0.0,29.485029936064834,0.0,0.0,17.9543059922723,0.0,0.0,18.833476873418974 
 08/01  07:00:00,16.0,484.0,3.0,0.0,0.0,29.828724747319253,0.0,0.0,19.23315620595085,0.0,0.0,18.87623024186135 
 08/01  07:15:00,16.25,555.5,2.6493,0.0,0.0,30.0133949496589,0.0,0.0,20.250852215177773,0.0,0.0,18.92084291510443 
 08/01  07:30:00,16.5,627.0,2.6493,0.0,0.0,30.26149375670142,0.0,0.0,21.65945547976361,0.0,0.0,18.980473139295196 
 08/01  07:45:00,16.75,648.75,2.6493,0.0,0.0,30.62851329908093,0.0,0.0,23.540269393652906,0.0,0.0,19.071156164254166 
 08/01  08:00:00,17.0,670.5,2.6493,0.0,0.0,30.82134602151719,0.0,0.0,24.9462361344916,0.0,0.0,19.13662377227121 
 08/01  08:15:00,17.25,692.25,1.22583,0.0,0.0,31.092931284996585,0.0,0.0,27.22545185855909,0.0,0.0,19.236224615343488 
 08/01  08:30:00,17.5,714.0,1.22583,0.0,0.0,31.312588322562238,0.0,0.0,29.04503732025631,0.0,0.0,19.32326816349102 
 08/01  08:45:00,17.75,712.5,1.22583,0.0,0.0,31.47625336269273,0.0,0.0,30.494934091231407,0.0,0.0,19.38735712375191 
 08/01  09:00:00,18.0,711.0,1.22583,0.0,0.0,31.751718471409546,0.0,0.0,32.520201342425736,0.0,0.0,19.485604006432187 
 08/01  09:15:00,18.25,709.5,0.72567,0.0,0.0,31.96642307692494,0.0,0.0,34.20146567035082,0.0,0.0,19.56936032252785 
 08/01  09:30:00,18.5,708.0,0.72567,0.0,0.0,32.1662531677983,0.0,0.0,35.87214947199721,0.0,0.0,19.65040146499773 
 08/01  09:45:00,18.75,739.0,0.72567,0.0,0.0,32.31364163241961,0.0,0.0,37.37938140935366,0.0,0.0,19.713710295782345 
 08/01  10:00:00,19.0,770.0,0.72567,0.0,0.0,32.55982250198659,0.0,0.0,39.679730613558675,0.0,0.0,19.810742071056126 
 08/01  10:15:00,19.0,801.0,0.72567,0.0,0.0,32.70126911616096,0.0,0.0,41.501786819228805,0.0,0.0,19.87720863113437 
 08/01  10:30:00,19.0,832.0,0.72567,0.0,0.0,32.93276478969541,0.0,0.0,44.14614334810009,0.0,0.0,19.967876404308132 
 08/01  10:45:00,19.0,792.25,0.72567,0.0,0.0,33.05359011429386,0.0,0.0,46.19757283141887,0.0,0.0,20.030576795416764 
 08/01  11:00:00,19.0,752.5,0.72567,0.0,0.0,33.254308940383794,0.0,0.0,48.8269338067835,0.0,0.0,20.112203311032083 
 08/01  11:15:00,19.75,712.75,0.72567,0.0,0.0,33.36395360481703,0.0,0.0,50.542994189189706,0.0,0.0,20.168573085958165 
 08/01  11:30:00,20.5,673.0,0.72567,0.0,0.0,33.48953527793948,0.0,0.0,51.96335264444777,0.0,0.0,20.22713321767519 
 08/01  11:45:00,21.25,588.75,0.72567,0.0,0.0,33.605206726886735,0.0,0.0,52.774404017710275,0.0,0.0,20.280466446089953 
 08/01  12:00:00,22.0,504.5,0.72567,0.0,0.0,33.76704245343783,0.0,0.0,53.07224709661998,0.0,0.0,20.336861712727874 
 08/01  12:15:00,21.75,420.25,0.72567,0.0,0.0,33.854197671736195,0.0,0.0,52.47040349675999,0.0,0.0,20.36854586325876 
 08/01  12:30:00,21.5,336.0,0.72567,0.0,0.0,33.97341184373906,0.0,0.0,51.248076302909865,0.0,0.0,20.40143984085908 
 08/01  12:45:00,21.25,271.5,0.72567,0.0,0.0,34.094025430243484,0.0,0.0,49.60143626192061,0.0,0.0,20.42587572898303 
 08/01  13:00:00,21.0,207.0,0.72567,0.0,0.0,34.2164721634226,0.0,0.0,47.6350223342436,0.0,0.0,20.442683571838614 
 08/01  13:15:00,20.75,142.5,0.72567,0.0,0.0,34.42003452040728,0.0,0.0,45.281590976805525,0.0,0.0,20.455353976924062 
 08/01  13:30:00,20.5,78.0,0.72567,0.0,0.0,34.510891348861634,0.0,0.0,43.6477004125926,0.0,0.0,20.455702814214515 
 08/01  13:45:00,20.25,64.5,0.72567,0.0,0.0,34.66603662243766,0.0,0.0,41.45642855768072,0.0,0.0,20.45205633230267 
 08/01  14:00:00,20.0,51.0,0.72567,0.0,0.0,34.76520995903994,0.0,0.0,39.67921734260841,0.0,0.0,20.440406225857558 
 08/01  14:15:00,20.25,37.5,0.72567,0.0,0.0,34.799395468230294,0.0,0.0,38.28275635587053,0.0,0.0,20.42162955274123 
 08/01  14:30:00,20.5,24.0,0.72567,0.0,0.0,34.85248904182305,0.0,0.0,36.61708444487977,0.0,0.0,20.39006105568439 
 08/01  14:45:00,20.75,90.5,0.72567,0.0,0.0,34.9150801385981,0.0,0.0,35.662426152043295,0.0,0.0,20.36413788405563 
 08/01  15:00:00,21.0,157.0,0.72567,0.0,0.0,35.01497626137068,0.0,0.0,35.28819064638286,0.0,0.0,20.342009155671953 
 08/01  15:15:00,21.25,223.5,0.72567,0.0,0.0,35.222427765129304,0.0,0.0,35.30181674966438,0.0,0.0,20.31956928153413 
 08/01  15:30:00,21.5,290.0,0.72567,0.0,0.0,35.41621743275604,0.0,0.0,36.00332641800441,0.0,0.0,20.319964026977576 
 08/01  15:45:00,21.75,227.75,0.72567,0.0,0.0,35.57571095753063,0.0,0.0,36.75274785426367,0.0,0.0,20.333182474764353 
 08/01  16:00:00,22.0,165.5,0.72567,0.0,0.0,35.678281238352426,0.0,0.0,37.106443073501694,0.0,0.0,20.351671190241603 
 08/01  16:15:00,22.0,103.25,0.8849400000000001,0.0,0.0,35.82636426986216,0.0,0.0,37.10886407900377,0.0,0.0,20.3741543759672 
 08/01  16:30:00,22.0,41.0,0.8849400000000001,0.0,0.0,35.876223612803436,0.0,0.0,36.50375262998913,0.0,0.0,20.379543317663497 
 08/01  16:45:00,22.0,36.5,0.8849400000000001,0.0,0.0,35.91715595403586,0.0,0.0,35.32548917671292,0.0,0.0,20.373764122735444 
 08/01  17:00:00,22.0,32.0,0.8849400000000001,0.0,0.0,35.94079025574032,0.0,0.0,33.970428222430996,0.0,0.0,20.35701769038769 
 08/01  17:15:00,22.25,27.5,1.6593,0.0,0.0,36.000539453060426,0.0,0.0,32.371712518929655,0.0,0.0,20.32689209505853 
 08/01  17:30:00,22.5,23.0,1.6593,0.0,0.0,36.01005070962243,0.0,0.0,31.233268609208167,0.0,0.0,20.29801336317563 
 08/01  17:45:00,22.75,44.25,1.6593,0.0,0.0,36.035859516638624,0.0,0.0,29.903287779899863,0.0,0.0,20.25352769989822 
 08/01  18:00:00,23.0,65.5,1.6593,0.0,0.0,36.043634310026654,0.0,0.0,28.956356814383053,0.0,0.0,20.221106153036104 
 08/01  18:15:00,23.0,86.75,2.69079,0.0,0.0,36.087992687598955,0.0,0.0,27.87891414690914,0.0,0.0,20.173680880194638 
 08/01  18:30:00,23.0,108.0,2.69079,0.0,0.0,36.14306933706707,0.0,0.0,26.990395064904035,0.0,0.0,20.136480753218255 
 08/01  18:45:00,23.0,81.0,2.69079,0.0,0.0,36.14684338609762,0.0,0.0,26.264918948231802,0.0,0.0,20.11177253007923 
 08/01  19:00:00,23.0,54.0,2.69079,0.0,0.0,36.14019442810865,0.0,0.0,25.401461545243336,0.0,0.0,20.07299527978347 
 08/01  19:15:00,22.5,0.0,2.69079,0.0,0.0,36.0582987352439,0.0,0.0,24.640025656370533,0.0,0.0,20.039683473952323 
 08/01  19:30:00,22.0,0.0,2.69079,0.0,0.0,35.937576916913734,0.0,0.0,23.819981392461884,0.0,0.0,19.99926182206993 
 08/01  19:45:00,21.5,0.0,2.69079,0.0,0.0,35.82536767934088,0.0,0.0,23.004543221126127,0.0,0.0,19.950831881914752 
 08/01  20:00:00,21.0,0.0,2.69079,0.0,0.0,35.71889574844546,0.0,0.0,22.228408411606964,0.0,0.0,19.898445774146637 
 08/01  20:15:00,20.75,0.0,2.69079,0.0,0.0,35.61772521613354,0.0,0.0,21.512109427378867,0.0,0.0,19.845317243307854 
 08/01  20:30:00,20.5,0.0,2.69079,0.0,0.0,35.52110527966774,0.0,0.0,20.884667925087335,0.0,0.0,19.792933948578042 
 08/01  20:45:00,20.25,0.0,2.69079,0.0,0.0,35.47697184288598,0.0,0.0,20.4466269247553,0.0,0.0,19.757680674845638 
 08/01  21:00:00,20.0,0.0,2.69079,0.0,0.0,35.35185193976259,0.0,0.0,19.861450711902037,0.0,0.0,19.69322224118076 
 08/01  21:15:00,20.25,0.0,3.0,0.0,0.0,35.22710042901792,0.0,0.0,19.5097808748707,0.0,0.0,19.646819927917097 
 08/01  21:30:00,20.5,0.0,3.0,0.0,0.0,35.11360544295435,0.0,0.0,19.278437027461564,0.0,0.0,19.605263335717947 
 08/01  21:45:00,20.75,0.0,3.0,0.0,0.0,35.013574392099386,0.0,0.0,19.171766890504312,0.0,0.0,19.56649530065665 
 08/01  22:00:00,21.0,0.0,3.0,0.0,0.0,34.92543309395244,0.0,0.0,19.18336882675765,0.0,0.0,19.53338356648656 
 08/01  22:15:00,20.75,0.0,3.0,0.0,0.0,34.798347656739494,0.0,0.0,19.234060313444697,0.0,0.0,19.50594845570516 
 08/01  22:30:00,20.5,0.0,3.0,0.0,0.0,34.65001451140832,0.0,0.0,19.229856823076915,0.0,0.0,19.48235178099545 
 08/01  22:45:00,20.25,0.0,3.0,0.0,0.0,34.50369585859209,0.0,0.0,19.141449709984148,0.0,0.0,19.46069500832059 
 08/01  23:00:00,20.0,0.0,3.0,0.0,0.0,34.36770685987291,0.0,0.0,18.987059624970893,0.0,0.0,19.43965850348039 
 08/01  23:15:00,19.25,0.0,3.0,0.0,0.0,34.20101950510148,0.0,0.0,18.75508467830407,0.0,0.0,19.418876995794818 
 08/01  23:30:00,18.5,0.0,3.0,0.0,0.0,34.1086855951648,0.0,0.0,18.43898786681016,0.0,0.0,19.404140528345184 
 08/01  23:45:00,17.75,0.0,3.0,0.0,0.0,33.873661108820215,0.0,0.0,17.899622261625765,0.0,0.0,19.375467401721064 
 08/01  24:00:00,17.0,0.0,3.0,0.0,0.0,33.7753292165554,0.0,0.0,17.36776467630459,0.0,0.0,19.357914740805903 
